{"nodes":[{"label":"Thomas M. Peck","x":-107.63762664794922,"y":84.92169189453125,"id":"56","attributes":{"Modularity Class":"3","Eigenvector Centrality":"0.03295254973981937"},"color":"rgb(237,248,251)","size":2.0},{"label":"William J. Stuart","x":109.64679718017578,"y":79.13009643554688,"id":"124","attributes":{"Modularity Class":"7","Eigenvector Centrality":"0.03819036290622753"},"color":"rgb(235,247,250)","size":2.259982109069824},{"label":"John D. Morton","x":105.56739044189453,"y":154.20388793945312,"id":"36","attributes":{"Modularity Class":"2","Eigenvector Centrality":"0.09123185454397918"},"color":"rgb(220,241,240)","size":4.892729759216309},{"label":"Elijah H. Foote","x":106.9330062866211,"y":44.89494705200195,"id":"119","attributes":{"Modularity Class":"7","Eigenvector Centrality":"0.03819036290622753"},"color":"rgb(235,247,250)","size":2.259982109069824},{"label":"Alfred D. Rathbone","x":276.23333740234375,"y":-198.88067626953125,"id":"12","attributes":{"Modularity Class":"1","Eigenvector Centrality":"0.3819305540111392"},"color":"rgb(139,209,188)","size":19.321739196777344},{"label":"William R. Shelby","x":-90.94873809814453,"y":-297.0363464355469,"id":"104","attributes":{"Modularity Class":"5","Eigenvector Centrality":"0.08328488228703383"},"color":"rgb(222,242,241)","size":4.498276710510254},{"label":"J. Frederick Baars","x":30.00977897644043,"y":-95.41133880615234,"id":"88","attributes":{"Modularity Class":"6","Eigenvector Centrality":"0.05785532311454266"},"color":"rgb(230,245,246)","size":3.2360646724700928},{"label":"E. Golden Filer","x":333.87713623046875,"y":-267.2875671386719,"id":"71","attributes":{"Modularity Class":"5","Eigenvector Centrality":"0.17702466691508634"},"color":"rgb(196,231,225)","size":9.151108741760254},{"label":"Thomas F. Carroll","x":-42.92843246459961,"y":-93.63346099853516,"id":"10","attributes":{"Modularity Class":"0","Eigenvector Centrality":"0.03295254973981937"},"color":"rgb(237,248,251)","size":2.0},{"label":"Thomas Hefferan","x":82.22488403320312,"y":-261.02496337890625,"id":"78","attributes":{"Modularity Class":"1","Eigenvector Centrality":"0.3014438492031382"},"color":"rgb(162,218,202)","size":15.326732635498047},{"label":"Lavant Z. Caukin","x":-148.48072814941406,"y":230.1472625732422,"id":"22","attributes":{"Modularity Class":"1","Eigenvector Centrality":"0.08048670480800105"},"color":"rgb(223,242,242)","size":4.359387397766113},{"label":"John H. Bonnell","x":-266.2718200683594,"y":13.705562591552734,"id":"7","attributes":{"Modularity Class":"0","Eigenvector Centrality":"0.03295254973981937"},"color":"rgb(237,248,251)","size":2.0},{"label":"Ernest A. Stowe","x":104.81273651123047,"y":15.616609573364258,"id":"118","attributes":{"Modularity Class":"7","Eigenvector Centrality":"0.03819036290622753"},"color":"rgb(235,247,250)","size":2.259982109069824},{"label":"Walter C. Winchester","x":-158.4414520263672,"y":-196.99114990234375,"id":"95","attributes":{"Modularity Class":"6","Eigenvector Centrality":"0.05785532311454266"},"color":"rgb(230,245,246)","size":3.2360646724700928},{"label":"Henry Idema","x":24.689128875732422,"y":25.71977996826172,"id":"61","attributes":{"Modularity Class":"4","Eigenvector Centrality":"0.2891788203792565"},"color":"rgb(165,219,204)","size":14.717948913574219},{"label":"T. Stewart White","x":-10.777779579162598,"y":33.708946228027344,"id":"66","attributes":{"Modularity Class":"6","Eigenvector Centrality":"0.2891788203792565"},"color":"rgb(165,219,204)","size":14.717948913574219},{"label":"Grand Rapids National Bank","x":96.79102325439453,"y":307.4945983886719,"id":"33","attributes":{"Modularity Class":"2","Eigenvector Centrality":"0.09123185454397918"},"color":"rgb(220,241,240)","size":4.892729759216309},{"label":"William Sears","x":16.513654708862305,"y":175.62440490722656,"id":"26","attributes":{"Modularity Class":"1","Eigenvector Centrality":"0.08048670480800105"},"color":"rgb(223,242,242)","size":4.359387397766113},{"label":"George C. Peirce","x":-224.1785125732422,"y":-153.39756774902344,"id":"99","attributes":{"Modularity Class":"5","Eigenvector Centrality":"0.08328488228703383"},"color":"rgb(222,242,241)","size":4.498276710510254},{"label":"Orson A. Ball","x":-114.21280670166016,"y":78.66930389404297,"id":"54","attributes":{"Modularity Class":"3","Eigenvector Centrality":"0.03295254973981937"},"color":"rgb(237,248,251)","size":2.0},{"label":"Daniel Lynch","x":43.178009033203125,"y":123.70834350585938,"id":"4","attributes":{"Modularity Class":"0","Eigenvector Centrality":"0.03295254973981937"},"color":"rgb(237,248,251)","size":2.0},{"label":"Fourth National Bank","x":-61.31986618041992,"y":221.98757934570312,"id":"17","attributes":{"Modularity Class":"1","Eigenvector Centrality":"0.08048670480800105"},"color":"rgb(223,242,242)","size":4.359387397766113},{"label":"Eugene D. Conger","x":-137.25146484375,"y":293.1233215332031,"id":"108","attributes":{"Modularity Class":"1","Eigenvector Centrality":"0.12441918228805184"},"color":"rgb(211,237,234)","size":6.540003299713135},{"label":"Ferdinand A. Hall","x":-97.0645751953125,"y":55.12364196777344,"id":"48","attributes":{"Modularity Class":"3","Eigenvector Centrality":"0.03295254973981937"},"color":"rgb(237,248,251)","size":2.0},{"label":"Joseph Houseman","x":256.92578125,"y":107.1489486694336,"id":"39","attributes":{"Modularity Class":"2","Eigenvector Centrality":"0.09123185454397918"},"color":"rgb(220,241,240)","size":4.892729759216309},{"label":"Frederick C. Miller","x":-21.375328063964844,"y":-8.872309684753418,"id":"60","attributes":{"Modularity Class":"4","Eigenvector Centrality":"0.05429883034962737"},"color":"rgb(231,245,247)","size":3.0595359802246094},{"label":"James K. Johnston","x":110.40618896484375,"y":-14.14199447631836,"id":"121","attributes":{"Modularity Class":"7","Eigenvector Centrality":"0.03819036290622753"},"color":"rgb(235,247,250)","size":2.259982109069824},{"label":"Marsh H. Sorrick","x":74.98072052001953,"y":77.86883544921875,"id":"122","attributes":{"Modularity Class":"7","Eigenvector Centrality":"0.03819036290622753"},"color":"rgb(235,247,250)","size":2.259982109069824},{"label":"Fifth National Bank","x":-257.8356628417969,"y":133.52835083007812,"id":"5","attributes":{"Modularity Class":"0","Eigenvector Centrality":"0.03295254973981937"},"color":"rgb(237,248,251)","size":2.0},{"label":"Hoyt G. Post","x":-110.20901489257812,"y":-233.52169799804688,"id":"100","attributes":{"Modularity Class":"5","Eigenvector Centrality":"0.08328488228703383"},"color":"rgb(222,242,241)","size":4.498276710510254},{"label":"Arthur T. Slaght","x":-15.338610649108887,"y":-17.4739990234375,"id":"57","attributes":{"Modularity Class":"4","Eigenvector Centrality":"0.05429883034962737"},"color":"rgb(231,245,247)","size":3.0595359802246094},{"label":"Thomas W. Strahan","x":-125.51420593261719,"y":-91.45356750488281,"id":"11","attributes":{"Modularity Class":"0","Eigenvector Centrality":"0.03295254973981937"},"color":"rgb(237,248,251)","size":2.0},{"label":"Grand Rapids Savings","x":-100.41120147705078,"y":70.81136322021484,"id":"46","attributes":{"Modularity Class":"3","Eigenvector Centrality":"0.11067184287753677"},"color":"rgb(215,239,237)","size":5.857645034790039},{"label":"Fourth National","x":-408.5970764160156,"y":102.55806732177734,"id":"13","attributes":{"Modularity Class":"1","Eigenvector Centrality":"0.4077840506767322"},"color":"rgb(132,206,183)","size":20.60499382019043},{"label":"Roger W. Butterfield","x":-98.73690032958984,"y":86.59296417236328,"id":"55","attributes":{"Modularity Class":"3","Eigenvector Centrality":"0.03295254973981937"},"color":"rgb(237,248,251)","size":2.0},{"label":"Marius D. Hoogesteger","x":-206.84376525878906,"y":272.862060546875,"id":"110","attributes":{"Modularity Class":"1","Eigenvector Centrality":"0.12441918228805184"},"color":"rgb(211,237,234)","size":6.540003299713135},{"label":"Old National","x":-275.29718017578125,"y":-331.613037109375,"id":"97","attributes":{"Modularity Class":"5","Eigenvector Centrality":"0.42205331480057917"},"color":"rgb(128,204,180)","size":21.31325912475586},{"label":"J. Boyd Pantlind","x":346.6999816894531,"y":74.6614990234375,"id":"34","attributes":{"Modularity Class":"2","Eigenvector Centrality":"0.39267570374711736"},"color":"rgb(136,207,186)","size":19.85508155822754},{"label":"Francis Letellier","x":-8.959033012390137,"y":-110.1515884399414,"id":"87","attributes":{"Modularity Class":"6","Eigenvector Centrality":"0.05785532311454266"},"color":"rgb(230,245,246)","size":3.2360646724700928},{"label":"E. Crofton Fox","x":28.059934616088867,"y":-1.8814735412597656,"id":"59","attributes":{"Modularity Class":"4","Eigenvector Centrality":"0.1375837126366613"},"color":"rgb(207,236,232)","size":7.193432807922363},{"label":"Reuben Bloomer","x":-48.23850631713867,"y":352.8033142089844,"id":"112","attributes":{"Modularity Class":"1","Eigenvector Centrality":"0.12441918228805184"},"color":"rgb(211,237,234)","size":6.540003299713135},{"label":"Joseph H. Martin","x":-19.399810791015625,"y":-194.76637268066406,"id":"102","attributes":{"Modularity Class":"5","Eigenvector Centrality":"0.08328488228703383"},"color":"rgb(222,242,241)","size":4.498276710510254},{"label":"William Alden Smith","x":142.38267517089844,"y":374.81036376953125,"id":"81","attributes":{"Modularity Class":"1","Eigenvector Centrality":"0.3014438492031382"},"color":"rgb(162,218,202)","size":15.326732635498047},{"label":"Grand Rapids Savings Bank","x":-105.98309326171875,"y":55.7147102355957,"id":"52","attributes":{"Modularity Class":"3","Eigenvector Centrality":"0.03295254973981937"},"color":"rgb(237,248,251)","size":2.0},{"label":"Elbridge G. Studley","x":-142.05038452148438,"y":-289.7618713378906,"id":"98","attributes":{"Modularity Class":"5","Eigenvector Centrality":"0.08328488228703383"},"color":"rgb(222,242,241)","size":4.498276710510254},{"label":"Clay H. Hollister","x":-289.90179443359375,"y":-202.0128631591797,"id":"96","attributes":{"Modularity Class":"5","Eigenvector Centrality":"0.08328488228703383"},"color":"rgb(222,242,241)","size":4.498276710510254},{"label":"William G. Herpolsheimer","x":214.69598388671875,"y":237.5265655517578,"id":"43","attributes":{"Modularity Class":"2","Eigenvector Centrality":"0.09123185454397918"},"color":"rgb(220,241,240)","size":4.892729759216309},{"label":"Samuel B. Jenks","x":211.100830078125,"y":-26.706939697265625,"id":"77","attributes":{"Modularity Class":"7","Eigenvector Centrality":"0.21521502982131388"},"color":"rgb(186,227,218)","size":11.046710968017578},{"label":"William G. Robinson","x":29.305736541748047,"y":-297.87744140625,"id":"82","attributes":{"Modularity Class":"5","Eigenvector Centrality":"0.17702466691508634"},"color":"rgb(196,231,225)","size":9.151108741760254},{"label":"Old National Bank","x":28.185792922973633,"y":-162.29624938964844,"id":"103","attributes":{"Modularity Class":"5","Eigenvector Centrality":"0.08328488228703383"},"color":"rgb(222,242,241)","size":4.498276710510254},{"label":"Benjamin Wolf","x":95.07757568359375,"y":-40.54594039916992,"id":"114","attributes":{"Modularity Class":"7","Eigenvector Centrality":"0.03819036290622753"},"color":"rgb(235,247,250)","size":2.259982109069824},{"label":"Frank E. Leonard","x":-116.27622985839844,"y":69.95252227783203,"id":"49","attributes":{"Modularity Class":"3","Eigenvector Centrality":"0.03295254973981937"},"color":"rgb(237,248,251)","size":2.0},{"label":"Kent County Savings","x":0.09214965254068375,"y":0.047951359301805496,"id":"58","attributes":{"Modularity Class":"4","Eigenvector Centrality":"0.261795241539007"},"color":"rgb(173,222,209)","size":13.358749389648438},{"label":"N. Fred Avery","x":-90.43022155761719,"y":83.20183563232422,"id":"53","attributes":{"Modularity Class":"3","Eigenvector Centrality":"0.03295254973981937"},"color":"rgb(237,248,251)","size":2.0},{"label":"William Judson","x":80.62574005126953,"y":-359.0353088378906,"id":"83","attributes":{"Modularity Class":"5","Eigenvector Centrality":"0.2603095492021202"},"color":"rgb(173,222,210)","size":13.285005569458008},{"label":"Reuben Hatch","x":-231.62371826171875,"y":207.34371948242188,"id":"113","attributes":{"Modularity Class":"1","Eigenvector Centrality":"0.12441918228805184"},"color":"rgb(211,237,234)","size":6.540003299713135},{"label":"John A. S. Verdier","x":-6.503601551055908,"y":-22.07559585571289,"id":"62","attributes":{"Modularity Class":"4","Eigenvector Centrality":"0.05429883034962737"},"color":"rgb(231,245,247)","size":3.0595359802246094},{"label":"Harvey J. Hollister","x":13.014215469360352,"y":-240.67059326171875,"id":"74","attributes":{"Modularity Class":"5","Eigenvector Centrality":"0.2603095492021202"},"color":"rgb(173,222,210)","size":13.285005569458008},{"label":"Wilder D. Stevens","x":-52.95392990112305,"y":-243.6070556640625,"id":"105","attributes":{"Modularity Class":"5","Eigenvector Centrality":"0.08328488228703383"},"color":"rgb(222,242,241)","size":4.498276710510254},{"label":"Christian Bertsch","x":-304.3139343261719,"y":-42.516475677490234,"id":"16","attributes":{"Modularity Class":"1","Eigenvector Centrality":"0.20490588709605287"},"color":"rgb(188,228,220)","size":10.53501033782959},{"label":"Paul Doty","x":39.29796600341797,"y":-124.71306610107422,"id":"94","attributes":{"Modularity Class":"6","Eigenvector Centrality":"0.05785532311454266"},"color":"rgb(230,245,246)","size":3.2360646724700928},{"label":"William Widdicomb","x":252.12022399902344,"y":196.19508361816406,"id":"44","attributes":{"Modularity Class":"2","Eigenvector Centrality":"0.09123185454397918"},"color":"rgb(220,241,240)","size":4.892729759216309},{"label":"Amos S. Musselman","x":232.40586853027344,"y":69.19461059570312,"id":"27","attributes":{"Modularity Class":"2","Eigenvector Centrality":"0.09123185454397918"},"color":"rgb(220,241,240)","size":4.892729759216309},{"label":"Frank Jewell","x":-113.2444076538086,"y":61.26273727416992,"id":"50","attributes":{"Modularity Class":"3","Eigenvector Centrality":"0.03295254973981937"},"color":"rgb(237,248,251)","size":2.0},{"label":"Constantine Morton","x":-57.4542121887207,"y":-131.147705078125,"id":"84","attributes":{"Modularity Class":"6","Eigenvector Centrality":"0.05785532311454266"},"color":"rgb(230,245,246)","size":3.2360646724700928},{"label":"Thomas J. O\u0027Brien","x":-19.598548889160156,"y":11.523771286010742,"id":"65","attributes":{"Modularity Class":"4","Eigenvector Centrality":"0.05429883034962737"},"color":"rgb(231,245,247)","size":3.0595359802246094},{"label":"Daniel McCoy","x":148.1664581298828,"y":74.41178131103516,"id":"117","attributes":{"Modularity Class":"7","Eigenvector Centrality":"0.03819036290622753"},"color":"rgb(235,247,250)","size":2.259982109069824},{"label":"Darwin D. Cody","x":215.96408081054688,"y":-236.84341430664062,"id":"70","attributes":{"Modularity Class":"5","Eigenvector Centrality":"0.17702466691508634"},"color":"rgb(196,231,225)","size":9.151108741760254},{"label":"David M. Amberg","x":76.49327087402344,"y":-67.06877899169922,"id":"86","attributes":{"Modularity Class":"6","Eigenvector Centrality":"0.05785532311454266"},"color":"rgb(230,245,246)","size":3.2360646724700928},{"label":"State Bank of Michigan","x":249.65757751464844,"y":17.56742286682129,"id":"115","attributes":{"Modularity Class":"7","Eigenvector Centrality":"0.14751566150810952"},"color":"rgb(205,235,230)","size":7.686410903930664},{"label":"Edward Lowe","x":151.23890686035156,"y":27.571544647216797,"id":"120","attributes":{"Modularity Class":"7","Eigenvector Centrality":"0.03819036290622753"},"color":"rgb(235,247,250)","size":2.259982109069824},{"label":"Sidney W. Sherman","x":-169.52915954589844,"y":-95.04656219482422,"id":"9","attributes":{"Modularity Class":"0","Eigenvector Centrality":"0.03295254973981937"},"color":"rgb(237,248,251)","size":2.0},{"label":"Charles B. Kelsey","x":-314.98614501953125,"y":160.2204132080078,"id":"107","attributes":{"Modularity Class":"1","Eigenvector Centrality":"0.12441918228805184"},"color":"rgb(211,237,234)","size":6.540003299713135},{"label":"William H. Jones","x":77.56071472167969,"y":114.04998779296875,"id":"123","attributes":{"Modularity Class":"7","Eigenvector Centrality":"0.03819036290622753"},"color":"rgb(235,247,250)","size":2.259982109069824},{"label":"Philo C. Fuller","x":-109.04133605957031,"y":-180.1608428955078,"id":"93","attributes":{"Modularity Class":"6","Eigenvector Centrality":"0.05785532311454266"},"color":"rgb(230,245,246)","size":3.2360646724700928},{"label":"Peoples Savings","x":-264.4534912109375,"y":380.1717834472656,"id":"106","attributes":{"Modularity Class":"1","Eigenvector Centrality":"0.6824797754441597"},"color":"rgb(66,164,122)","size":34.239688873291016},{"label":"Justus S. Stearns","x":43.86423110961914,"y":228.0995330810547,"id":"35","attributes":{"Modularity Class":"2","Eigenvector Centrality":"0.09123185454397918"},"color":"rgb(220,241,240)","size":4.892729759216309},{"label":"Melvin J. Clark","x":181.6265106201172,"y":115.66829681396484,"id":"41","attributes":{"Modularity Class":"2","Eigenvector Centrality":"0.09123185454397918"},"color":"rgb(220,241,240)","size":4.892729759216309},{"label":"John W. Blodgett","x":11.83426284790039,"y":-32.91175842285156,"id":"21","attributes":{"Modularity Class":"4","Eigenvector Centrality":"0.2592047174456804"},"color":"rgb(173,222,210)","size":13.2301664352417},{"label":"Huebert Weiden","x":-254.15008544921875,"y":-79.14192962646484,"id":"6","attributes":{"Modularity Class":"0","Eigenvector Centrality":"0.03295254973981937"},"color":"rgb(237,248,251)","size":2.0},{"label":"Robert D. Graham","x":-209.1194610595703,"y":-77.73981475830078,"id":"8","attributes":{"Modularity Class":"0","Eigenvector Centrality":"0.03295254973981937"},"color":"rgb(237,248,251)","size":2.0},{"label":"John Murray","x":-19.24669075012207,"y":296.620849609375,"id":"109","attributes":{"Modularity Class":"1","Eigenvector Centrality":"0.12441918228805184"},"color":"rgb(211,237,234)","size":6.540003299713135},{"label":"Carroll C. Follmer","x":151.54917907714844,"y":-9.803815841674805,"id":"116","attributes":{"Modularity Class":"7","Eigenvector Centrality":"0.03819036290622753"},"color":"rgb(235,247,250)","size":2.259982109069824},{"label":"William H. Anderson","x":27.347923278808594,"y":380.9118347167969,"id":"24","attributes":{"Modularity Class":"1","Eigenvector Centrality":"0.20490588709605287"},"color":"rgb(188,228,220)","size":10.53501033782959},{"label":"Samuel Sears","x":151.56336975097656,"y":-95.97035217285156,"id":"42","attributes":{"Modularity Class":"2","Eigenvector Centrality":"0.2682565214590656"},"color":"rgb(171,221,208)","size":13.679458618164062},{"label":"Grand Rapids National","x":244.13616943359375,"y":226.57363891601562,"id":"28","attributes":{"Modularity Class":"2","Eigenvector Centrality":"0.4569559595827605"},"color":"rgb(118,200,174)","size":23.045673370361328},{"label":"John E. Peck","x":135.30601501464844,"y":-50.58071517944336,"id":"37","attributes":{"Modularity Class":"2","Eigenvector Centrality":"0.09123185454397918"},"color":"rgb(220,241,240)","size":4.892729759216309},{"label":"Kent County Savings Bank","x":-23.0175724029541,"y":1.4936883449554443,"id":"64","attributes":{"Modularity Class":"4","Eigenvector Centrality":"0.05429883034962737"},"color":"rgb(231,245,247)","size":3.0595359802246094},{"label":"Lewis H. Withey","x":-86.22681427001953,"y":-386.0451965332031,"id":"76","attributes":{"Modularity Class":"5","Eigenvector Centrality":"0.2603095492021202"},"color":"rgb(173,222,210)","size":13.285005569458008},{"label":"Charles W. Garfield","x":-84.86520385742188,"y":67.22937774658203,"id":"47","attributes":{"Modularity Class":"3","Eigenvector Centrality":"0.03295254973981937"},"color":"rgb(237,248,251)","size":2.0},{"label":"Jacob Cummer","x":-63.20125961303711,"y":-179.9319305419922,"id":"101","attributes":{"Modularity Class":"5","Eigenvector Centrality":"0.08328488228703383"},"color":"rgb(222,242,241)","size":4.498276710510254},{"label":"National City","x":-207.90760803222656,"y":-283.260009765625,"id":"85","attributes":{"Modularity Class":"6","Eigenvector Centrality":"0.2606618989143304"},"color":"rgb(173,222,210)","size":13.302495002746582},{"label":"Lester J. Rindge","x":-164.2053985595703,"y":-143.62364196777344,"id":"90","attributes":{"Modularity Class":"6","Eigenvector Centrality":"0.05785532311454266"},"color":"rgb(230,245,246)","size":3.2360646724700928},{"label":"Noyes L. Avery","x":-215.50547790527344,"y":-210.07391357421875,"id":"92","attributes":{"Modularity Class":"6","Eigenvector Centrality":"0.05785532311454266"},"color":"rgb(230,245,246)","size":3.2360646724700928},{"label":"Willard Barnhart","x":11.952035903930664,"y":-396.57861328125,"id":"80","attributes":{"Modularity Class":"5","Eigenvector Centrality":"0.2603095492021202"},"color":"rgb(173,222,210)","size":13.285005569458008},{"label":"John A. Seymour","x":-14.353382110595703,"y":-148.71990966796875,"id":"20","attributes":{"Modularity Class":"1","Eigenvector Centrality":"0.08048670480800105"},"color":"rgb(223,242,242)","size":4.359387397766113},{"label":"Frank M. Davis","x":94.95060729980469,"y":250.33016967773438,"id":"31","attributes":{"Modularity Class":"2","Eigenvector Centrality":"0.09123185454397918"},"color":"rgb(220,241,240)","size":4.892729759216309},{"label":"National City Bank","x":-107.43799591064453,"y":-134.86489868164062,"id":"91","attributes":{"Modularity Class":"6","Eigenvector Centrality":"0.05785532311454266"},"color":"rgb(230,245,246)","size":3.2360646724700928},{"label":"Peoples Savings Bank","x":119.6922378540039,"y":204.32598876953125,"id":"111","attributes":{"Modularity Class":"1","Eigenvector Centrality":"0.12441918228805184"},"color":"rgb(211,237,234)","size":6.540003299713135},{"label":"James M. Barnett","x":-30.550615310668945,"y":-325.3385925292969,"id":"75","attributes":{"Modularity Class":"5","Eigenvector Centrality":"0.2603095492021202"},"color":"rgb(173,222,210)","size":13.285005569458008},{"label":"James R. Wylie","x":75.36409759521484,"y":-97.7929458618164,"id":"89","attributes":{"Modularity Class":"6","Eigenvector Centrality":"0.05785532311454266"},"color":"rgb(230,245,246)","size":3.2360646724700928},{"label":"Charles S. Hazeltine","x":38.644100189208984,"y":292.7361145019531,"id":"29","attributes":{"Modularity Class":"2","Eigenvector Centrality":"0.09123185454397918"},"color":"rgb(220,241,240)","size":4.892729759216309},{"label":"Frederick A. Gorham","x":262.32659912109375,"y":-338.0522766113281,"id":"72","attributes":{"Modularity Class":"5","Eigenvector Centrality":"0.17702466691508634"},"color":"rgb(196,231,225)","size":9.151108741760254},{"label":"Anton G. Hodenpyl","x":62.78053665161133,"y":174.19232177734375,"id":"14","attributes":{"Modularity Class":"1","Eigenvector Centrality":"0.08048670480800105"},"color":"rgb(223,242,242)","size":4.359387397766113},{"label":"Carl G. A. Voigt","x":-84.37924194335938,"y":-93.8677749633789,"id":"15","attributes":{"Modularity Class":"1","Eigenvector Centrality":"0.08048670480800105"},"color":"rgb(223,242,242)","size":4.359387397766113},{"label":"Fifth National","x":-347.2052307128906,"y":-117.46756744384766,"id":"1","attributes":{"Modularity Class":"0","Eigenvector Centrality":"0.11067184287753677"},"color":"rgb(215,239,237)","size":5.857645034790039},{"label":"George H. Long","x":191.5913848876953,"y":46.38519287109375,"id":"32","attributes":{"Modularity Class":"2","Eigenvector Centrality":"0.09123185454397918"},"color":"rgb(220,241,240)","size":4.892729759216309},{"label":"Julius Berkey","x":-7.921085834503174,"y":228.90785217285156,"id":"40","attributes":{"Modularity Class":"2","Eigenvector Centrality":"0.09123185454397918"},"color":"rgb(220,241,240)","size":4.892729759216309},{"label":"George M. Edison","x":-85.30760955810547,"y":76.04771423339844,"id":"51","attributes":{"Modularity Class":"3","Eigenvector Centrality":"0.03295254973981937"},"color":"rgb(237,248,251)","size":2.0},{"label":"Claude Hamilton","x":239.21786499023438,"y":-216.22047424316406,"id":"69","attributes":{"Modularity Class":"5","Eigenvector Centrality":"0.17702466691508634"},"color":"rgb(196,231,225)","size":9.151108741760254},{"label":"Christian Gallmeyer","x":-327.1275939941406,"y":28.34729766845703,"id":"2","attributes":{"Modularity Class":"0","Eigenvector Centrality":"0.03295254973981937"},"color":"rgb(237,248,251)","size":2.0},{"label":"George K. Johnson","x":137.0275421142578,"y":126.26370239257812,"id":"18","attributes":{"Modularity Class":"1","Eigenvector Centrality":"0.08048670480800105"},"color":"rgb(223,242,242)","size":4.359387397766113},{"label":"John L. Benjamin","x":-76.26460266113281,"y":270.6788635253906,"id":"38","attributes":{"Modularity Class":"2","Eigenvector Centrality":"0.09123185454397918"},"color":"rgb(220,241,240)","size":4.892729759216309},{"label":"Charles H. Chick","x":-299.76409912109375,"y":82.1116714477539,"id":"0","attributes":{"Modularity Class":"0","Eigenvector Centrality":"0.03295254973981937"},"color":"rgb(237,248,251)","size":2.0},{"label":"W. W. Cummer","x":69.52080535888672,"y":-187.66757202148438,"id":"79","attributes":{"Modularity Class":"5","Eigenvector Centrality":"0.17702466691508634"},"color":"rgb(196,231,225)","size":9.151108741760254},{"label":"Samuel M. Lemon","x":-300.9683837890625,"y":240.0548095703125,"id":"23","attributes":{"Modularity Class":"1","Eigenvector Centrality":"0.20490588709605287"},"color":"rgb(188,228,220)","size":10.53501033782959},{"label":"William H. Gay","x":-123.81209564208984,"y":363.6859436035156,"id":"25","attributes":{"Modularity Class":"1","Eigenvector Centrality":"0.20490588709605287"},"color":"rgb(188,228,220)","size":10.53501033782959},{"label":"Charles H. Hackley","x":204.58126831054688,"y":-275.83514404296875,"id":"68","attributes":{"Modularity Class":"5","Eigenvector Centrality":"0.17702466691508634"},"color":"rgb(196,231,225)","size":9.151108741760254},{"label":"Dudley E. Waters","x":324.4676513671875,"y":-221.91082763671875,"id":"30","attributes":{"Modularity Class":"1","Eigenvector Centrality":"0.39267570374711736"},"color":"rgb(136,207,186)","size":19.85508155822754},{"label":"Aaron Brewer","x":-89.2083740234375,"y":59.3884162902832,"id":"45","attributes":{"Modularity Class":"3","Eigenvector Centrality":"0.03295254973981937"},"color":"rgb(237,248,251)","size":2.0},{"label":"George E. Hardy","x":96.65095520019531,"y":-137.69815063476562,"id":"73","attributes":{"Modularity Class":"5","Eigenvector Centrality":"0.17702466691508634"},"color":"rgb(196,231,225)","size":9.151108741760254},{"label":"Michigan Trust Company","x":269.37213134765625,"y":-273.5871276855469,"id":"67","attributes":{"Modularity Class":"5","Eigenvector Centrality":"1.0"},"color":"rgb(0,109,44)","size":50.0},{"label":"Cornelius Clark","x":-356.36798095703125,"y":-38.066627502441406,"id":"3","attributes":{"Modularity Class":"0","Eigenvector Centrality":"0.03295254973981937"},"color":"rgb(237,248,251)","size":2.0},{"label":"John A. Covode","x":18.941354751586914,"y":-12.944841384887695,"id":"63","attributes":{"Modularity Class":"4","Eigenvector Centrality":"0.05429883034962737"},"color":"rgb(231,245,247)","size":3.0595359802246094},{"label":"George P. Wanty","x":-281.501953125,"y":-136.36541748046875,"id":"19","attributes":{"Modularity Class":"1","Eigenvector Centrality":"0.08048670480800105"},"color":"rgb(223,242,242)","size":4.359387397766113}],"edges":[{"source":"71","target":"67","id":"68","attributes":{"date":"08/05/2017","address":"Possibly Manistee (Filer City?)","position":"Director"},"color":"rgb(98,170,134)","size":1.0},{"source":"44","target":"28","id":"41","attributes":{"date":"11/04/2017","address":"260 Fountain Grand Rapids, MI","position":"Director"},"color":"rgb(169,220,207)","size":1.0},{"source":"60","target":"58","id":"55","attributes":{"date":"25/04/2017","address":"15 Madison Ave Grand Rapids, MI","position":"Director"},"color":"rgb(202,233,228)","size":1.0},{"source":"59","target":"58","id":"54","attributes":{"date":"24/04/2017","address":"413 Cherry Grand Rapids, MI","position":"Director"},"color":"rgb(190,229,220)","size":1.0},{"source":"63","target":"58","id":"58","attributes":{"date":"28/04/2017","address":"41 Sheldon Grand Rapids, MI","position":"President"},"color":"rgb(202,233,228)","size":1.0},{"source":"70","target":"67","id":"66","attributes":{"date":"06/05/2017","address":"393 E. Fulton Grand Rapids, MI","position":"Director"},"color":"rgb(98,170,134)","size":1.0},{"source":"53","target":"46","id":"49","attributes":{"date":"19/04/2017","address":"40 Jefferson Ave Grand Rapids, MI","position":"Director"},"color":"rgb(226,243,244)","size":1.0},{"source":"56","target":"46","id":"52","attributes":{"date":"22/04/2017","address":"28 Jefferson Ave Grand Rapids, MI","position":"Director"},"color":"rgb(226,243,244)","size":1.0},{"source":"51","target":"46","id":"47","attributes":{"date":"17/04/2017","address":"124 Newberry Grand Rapids, MI","position":"Director"},"color":"rgb(226,243,244)","size":1.0},{"source":"48","target":"46","id":"44","attributes":{"date":"14/04/2017","address":"27 James Grand Rapids, MI","position":"Cashier"},"color":"rgb(226,243,244)","size":1.0},{"source":"65","target":"58","id":"61","attributes":{"date":"01/05/2017","address":"28 N. Lafayette Grand Rapids, MI","position":"Director"},"color":"rgb(202,233,228)","size":1.0},{"source":"47","target":"46","id":"43","attributes":{"date":"13/04/2017","address":"S. S. Burton av opp Jefferson Ave","position":"President"},"color":"rgb(226,243,244)","size":1.0},{"source":"68","target":"67","id":"64","attributes":{"date":"04/05/2017","address":"Muskegon, MI","position":"Director"},"color":"rgb(98,170,134)","size":1.0},{"source":"61","target":"58","id":"56","attributes":{"date":"26/04/2017","address":"284 Lyon Grand Rapids, MI","position":"Vice President"},"color":"rgb(169,220,206)","size":1.0},{"source":"66","target":"58","id":"62","attributes":{"date":"02/05/2017","address":"2 Waverly Place Grand Rapids, MI","position":"Director"},"color":"rgb(169,220,206)","size":1.0},{"source":"69","target":"67","id":"65","attributes":{"date":"05/05/2017","address":"112 N. Lafayette Grand Rapids, MI","position":"Assistant Secretary"},"color":"rgb(98,170,134)","size":1.0},{"source":"12","target":"67","id":"63","attributes":{"date":"03/05/2017","address":"27 W Park Place Grand Rapids, MI","position":"Director"},"color":"rgb(69,159,116)","size":1.0},{"source":"55","target":"46","id":"51","attributes":{"date":"21/04/2017","address":"27 Paris Ave Grand Rapids, MI","position":"Director"},"color":"rgb(226,243,244)","size":1.0},{"source":"49","target":"46","id":"45","attributes":{"date":"15/04/2017","address":"23 Terrace Ave Grand Rapids, MI","position":"Director"},"color":"rgb(226,243,244)","size":1.0},{"source":"21","target":"58","id":"59","attributes":{"date":"29/04/2017","address":"365 Cherry Grand Rapids, MI","position":"Director"},"color":"rgb(173,222,209)","size":1.0},{"source":"50","target":"46","id":"46","attributes":{"date":"16/04/2017","address":"297 S. College Ave Grand Rapids, MI","position":"Director"},"color":"rgb(226,243,244)","size":1.0},{"source":"30","target":"67","id":"67","attributes":{"date":"07/05/2017","address":"e s College Ave 1 s of Fulton","position":"Director"},"color":"rgb(68,158,115)","size":1.0},{"source":"54","target":"46","id":"50","attributes":{"date":"20/04/2017","address":"209 S. College Ave Grand Rapids, MI","position":"Director"},"color":"rgb(226,243,244)","size":1.0},{"source":"52","target":"46","id":"48","attributes":{"date":"18/04/2017","address":"101 Monroe Grand Rapids, MI","position":"Headquarters"},"color":"rgb(226,243,244)","size":1.0},{"source":"64","target":"58","id":"60","attributes":{"date":"30/04/2017","address":"s w cor canal and lyon","position":"Headquarters"},"color":"rgb(202,233,228)","size":1.0},{"source":"72","target":"67","id":"69","attributes":{"date":"09/05/2017","address":"391 E. Fulton Grand Rapids, MI","position":"Assistant Secretary"},"color":"rgb(98,170,134)","size":1.0},{"source":"62","target":"58","id":"57","attributes":{"date":"27/04/2017","address":"193 Ransom Grand Rapids, MI","position":"Cashier"},"color":"rgb(202,233,228)","size":1.0},{"source":"43","target":"28","id":"40","attributes":{"date":"10/04/2017","address":"372 Crescent Ave Grand Rapids, MI","position":"Director"},"color":"rgb(169,220,207)","size":1.0},{"source":"45","target":"46","id":"42","attributes":{"date":"12/04/2017","address":"540 S Division Grand Rapids, MI","position":"Director"},"color":"rgb(226,243,244)","size":1.0},{"source":"57","target":"58","id":"53","attributes":{"date":"23/04/2017","address":"12 Henry Grand Rapids, MI","position":"Assistant Cashier"},"color":"rgb(202,233,228)","size":1.0}]}